{
    "name": "root",
    "metadata": {
        "timer_format_version": "0.1.0",
        "start_time_seconds": "1606948580",
        "python_version": "3.7.9 (default, Aug 31 2020, 17:10:11) [MSC v.1916 64 bit (AMD64)]",
        "command_line_arguments": "C:\\Users\\sergi\\.conda\\envs\\ml-agents-war\\Scripts\\mlagents-learn ./trainer_config.yaml --run-id tank_body_07",
        "mlagents_version": "0.22.0",
        "mlagents_envs_version": "0.22.0",
        "communication_protocol_version": "1.2.0",
        "pytorch_version": "1.7.0",
        "numpy_version": "1.19.2",
        "end_time_seconds": "1606948613"
    },
    "total": 33.5869613,
    "count": 1,
    "self": 0.04901309999999626,
    "children": {
        "run_training.setup": {
            "total": 0.011746900000000116,
            "count": 1,
            "self": 0.011746900000000116
        },
        "TrainerController.start_learning": {
            "total": 33.526201300000004,
            "count": 1,
            "self": 0.05395660000002067,
            "children": {
                "TrainerController._reset_env": {
                    "total": 15.2452918,
                    "count": 1,
                    "self": 15.2452918
                },
                "TrainerController.advance": {
                    "total": 18.113195099999984,
                    "count": 1587,
                    "self": 0.023397400000000346,
                    "children": {
                        "env_step": {
                            "total": 18.089797699999984,
                            "count": 1587,
                            "self": 14.44258859999984,
                            "children": {
                                "SubprocessEnvManager._take_step": {
                                    "total": 3.6260251000000565,
                                    "count": 1587,
                                    "self": 0.10280129999998522,
                                    "children": {
                                        "TorchPolicy.evaluate": {
                                            "total": 3.5232238000000713,
                                            "count": 1587,
                                            "self": 1.0437329000000268,
                                            "children": {
                                                "TorchPolicy.sample_actions": {
                                                    "total": 2.4794909000000445,
                                                    "count": 1587,
                                                    "self": 2.4794909000000445
                                                }
                                            }
                                        }
                                    }
                                },
                                "workers": {
                                    "total": 0.02118400000008691,
                                    "count": 1586,
                                    "self": 0.0,
                                    "children": {
                                        "worker_root": {
                                            "total": 19.65258129999988,
                                            "count": 1586,
                                            "is_parallel": true,
                                            "self": 6.584251399999884,
                                            "children": {
                                                "steps_from_proto": {
                                                    "total": 0.0005854000000002912,
                                                    "count": 1,
                                                    "is_parallel": true,
                                                    "self": 0.00014070000000110383,
                                                    "children": {
                                                        "_process_vector_observation": {
                                                            "total": 0.0004446999999991874,
                                                            "count": 4,
                                                            "is_parallel": true,
                                                            "self": 0.0004446999999991874
                                                        }
                                                    }
                                                },
                                                "UnityEnvironment.step": {
                                                    "total": 13.067744499999996,
                                                    "count": 1586,
                                                    "is_parallel": true,
                                                    "self": 0.1370199999999535,
                                                    "children": {
                                                        "UnityEnvironment._generate_step_input": {
                                                            "total": 0.10076899999993039,
                                                            "count": 1586,
                                                            "is_parallel": true,
                                                            "self": 0.10076899999993039
                                                        },
                                                        "communicator.exchange": {
                                                            "total": 12.421556400000119,
                                                            "count": 1586,
                                                            "is_parallel": true,
                                                            "self": 12.421556400000119
                                                        },
                                                        "steps_from_proto": {
                                                            "total": 0.40839909999999335,
                                                            "count": 1586,
                                                            "is_parallel": true,
                                                            "self": 0.14397890000000935,
                                                            "children": {
                                                                "_process_vector_observation": {
                                                                    "total": 0.264420199999984,
                                                                    "count": 6344,
                                                                    "is_parallel": true,
                                                                    "self": 0.264420199999984
                                                                }
                                                            }
                                                        }
                                                    }
                                                }
                                            }
                                        }
                                    }
                                }
                            }
                        }
                    }
                },
                "trainer_threads": {
                    "total": 4.939999999464817e-05,
                    "count": 1,
                    "self": 4.939999999464817e-05,
                    "children": {
                        "thread_root": {
                            "total": 0.0,
                            "count": 0,
                            "is_parallel": true,
                            "self": 0.0,
                            "children": {
                                "trainer_advance": {
                                    "total": 18.13501669999995,