{"count":1,"self":238.4969984,"total":891.4869219,"children":{"AgentSendState":{"count":321334,"self":22.802574399999997,"total":86.736909,"children":{"CollectObservations":{"count":964005,"self":7.3116888,"total":7.3116889999999994,"children":null},"CollectDiscreteActionMasks":{"count":964005,"self":1.730988,"total":1.7309879,"children":null},"AgentInfo.ToProto":{"count":964005,"self":7.1524167999999992,"total":54.891658199999995,"children":{"GenerateSensorData":{"count":964005,"self":17.7819328,"total":47.7392417,"children":{"RayPerceptionSensor.Perceive":{"count":964005,"self":29.9573088,"total":29.957308899999997,"children":null}}}}}}},"DecideAction":{"count":321334,"self":551.11567359999992,"total":551.1156986,"children":null},"AgentAct":{"count":321334,"self":15.0673088,"total":15.1363141,"children":{"AgentInfo.ToProto":{"count":960,"self":0.0079949,"total":0.069004799999999991,"children":{"GenerateSensorData":{"count":960,"self":0.020006899999999998,"total":0.0610099,"children":{"RayPerceptionSensor.Perceive":{"count":960,"self":0.041003,"total":0.041003,"children":null}}}}}}}},"gauges":{"war.CumulativeReward":{"count":960,"max":206.325439,"min":-264.147461,"runningAverage":-9.018202,"value":-81.60981,"weightedAverage":-32.8838654}},"metadata":{"timer_format_version":"0.1.0","start_time_seconds":"1607531974","unity_version":"2019.4.10f1","command_line_arguments":"C:\\Program Files\\Unity\\Hub\\Editor\\2019.4.10f1\\Editor\\Unity.exe -projectpath D:\/DataAnalitycs\/Guerra_Agentes_ML\/unity_src -useHub -hubIPC -cloudEnvironment production -hubSessionId b8609d00-3a31-11eb-b08b-a3b635c178c6 -accessToken fvg6BG78VR0x7YKJyqM2RiOeIWJUqgVSEiSNz612JRo004f","communication_protocol_version":"1.0.0","com.unity.ml-agents_version":"1.0.6","scene_name":"tank_tests","end_time_seconds":"1607532865"}}