{
    "name": "root",
    "gauges": {
        "war.Policy.Entropy.mean": {
            "value": 1.385077714920044,
            "min": 1.3850723505020142,
            "max": 1.418938398361206,
            "count": 350
        },
        "war.Policy.ExtrinsicValueEstimate.mean": {
            "value": 8.819771766662598,
            "min": -0.6559012532234192,
            "max": 10.859761238098145,
            "count": 350
        },
        "war.IsTraining.mean": {
            "value": 1.0,
            "min": 1.0,
            "max": 1.0,
            "count": 350
        },
        "war.Environment.EpisodeLength.mean": {
            "value": 999.0,
            "min": 999.0,
            "max": 999.0,
            "count": 233
        },
        "war.Environment.CumulativeReward.mean": {
            "value": 84.0252561211586,
            "min": -247.11143970489502,
            "max": 259.84635162353516,
            "count": 349
        },
        "war.Policy.ExtrinsicReward.mean": {
            "value": 84.0252561211586,
            "min": -247.11143970489502,
            "max": 259.84635162353516,
            "count": 349
        },
        "war.Losses.PolicyLoss.mean": {
            "value": 0.013278431664123977,
            "min": 0.008502103599463831,
            "max": 0.02356709858092169,
            "count": 163
        },
        "war.Losses.ValueLoss.mean": {
            "value": 3.827837665875753,
            "min": 2.385272870461146,
            "max": 12.687302390734354,
            "count": 163
        },
        "war.Policy.LearningRate.mean": {
            "value": 7.26956900571437e-07,
            "min": 7.26956900571437e-07,
            "max": 0.00029822057202171426,
            "count": 163
        },
        "war.Policy.Epsilon.mean": {
            "value": 0.10024228571428573,
            "min": 0.10024228571428573,
            "max": 0.1994068571428572,
            "count": 163
        },
        "war.Policy.Beta.mean": {
            "value": 2.2090057142857287e-05,
            "min": 2.2090057142857287e-05,
            "max": 0.0049704021714285715,
            "count": 163
        }
    },
    "metadata": {
        "timer_format_version": "0.1.0",
        "start_time_seconds": "1607086535",
        "python_version": "3.7.9 (default, Aug 31 2020, 17:10:11) [MSC v.1916 64 bit (AMD64)]",
        "command_line_arguments": "C:\\Users\\sergi\\.conda\\envs\\ml-agents-war\\Scripts\\mlagents-learn ./trainer_config.yaml --run-id tank_body_30",
        "mlagents_version": "0.22.0",
        "mlagents_envs_version": "0.22.0",
        "communication_protocol_version": "1.2.0",
        "pytorch_version": "1.7.0",
        "numpy_version": "1.19.2",
        "end_time_seconds": "1607089895"
    },
    "total": 3359.9624021,
    "count": 1,
    "self": 0.2757675000002564,
    "children": {
        "run_training.setup": {
            "total": 0.03750650000000011,
            "count": 1,
            "self": 0.03750650000000011
        },
        "TrainerController.start_learning": {
            "total": 3359.6491281,
            "count": 1,
            "self": 6.636283899887985,
            "children": {
                "TrainerController._reset_env": {
                    "total": 13.880223099999998,
                    "count": 1,
                    "self": 13.880223099999998
                },
                "TrainerController.advance": {
                    "total": 3339.074020000112,
                    "count": 233392,
                    "self": 3.4832814001247243,
                    "children": {
                        "env_step": {
                            "total": 3335.590738599987,
                            "count": 233392,
                            "self": 2532.202502299947,
                            "children": {
                                "SubprocessEnvManager._take_step": {
                                    "total": 800.0368506000093,
                                    "count": 233392,
                                    "self": 16.190268000122956,
                                    "children": {
                                        "TorchPolicy.evaluate": {
                                            "total": 783.8465825998863,
                                            "count": 233392,
                                            "self": 193.21904199987796,
                                            "children": {
                                                "TorchPolicy.sample_actions": {
                                                    "total": 590.6275406000084,
                                                    "count": 233392,
                                                    "self": 590.6275406000084
                                                }
                                            }
                                        }
                                    }
                                },
                                "workers": {
                                    "total": 3.3513857000307006,
                                    "count": 233392,
                                    "self": 0.0,
                                    "children": {
                                        "worker_root": {
                                            "total": 3341.4414603999235,
                                            "count": 233392,
                                            "is_parallel": true,
                                            "self": 1128.546737599982,
                                            "children": {
                                                "steps_from_proto": {
                                                    "total": 0.0006716999999998308,
                                                    "count": 1,
                                                    "is_parallel": true,
                                                    "self": 0.00011209999999906017,
                                                    "children": {
                                                        "_process_vector_observation": {
                                                            "total": 0.0005596000000007706,
                                                            "count": 4,
                                                            "is_parallel": true,
                                                            "self": 0.0005596000000007706
                                                        }
                                                    }
                                                },
                                                "UnityEnvironment.step": {
                                                    "total": 2212.8940510999414,
                                                    "count": 233392,
                                                    "is_parallel": true,
                                                    "self": 35.36603469988677,
                                                    "children": {
                                                        "UnityEnvironment._generate_step_input": {
                                                            "total": 32.285782000018,
                                                            "count": 233392,
                                                            "is_parallel": true,
                                                            "self": 32.285782000018
                                                        },
                                                        "communicator.exchange": {
                                                            "total": 2017.0748624000223,
                                                            "count": 233392,
                                                            "is_parallel": true,