{
    "name": "root",
    "metadata": {
        "timer_format_version": "0.1.0",
        "start_time_seconds": "1607039809",
        "python_version": "3.7.9 (default, Aug 31 2020, 17:10:11) [MSC v.1916 64 bit (AMD64)]",
        "command_line_arguments": "C:\\Users\\sergi\\.conda\\envs\\ml-agents-war\\Scripts\\mlagents-learn ./trainer_config.yaml --run-id tank_body_24",
        "mlagents_version": "0.22.0",
        "mlagents_envs_version": "0.22.0",
        "communication_protocol_version": "1.2.0",
        "pytorch_version": "1.7.0",
        "numpy_version": "1.19.2",
        "end_time_seconds": "1607039863"
    },
    "total": 53.9456766,
    "count": 1,
    "self": 0.024889899999998022,
    "children": {
        "run_training.setup": {
            "total": 0.008299400000000068,
            "count": 1,
            "self": 0.008299400000000068
        },
        "TrainerController.start_learning": {
            "total": 53.9124873,
            "count": 1,
            "self": 0.13020890000002794,
            "children": {
                "TrainerController._reset_env": {
                    "total": 10.317684199999999,
                    "count": 1,
                    "self": 10.317684199999999
                },
                "TrainerController.advance": {
                    "total": 43.34262349999997,
                    "count": 4354,
                    "self": 0.06258619999988468,
                    "children": {
                        "env_step": {
                            "total": 43.28003730000009,
                            "count": 4354,
                            "self": 33.76446330000009,
                            "children": {
                                "SubprocessEnvManager._take_step": {
                                    "total": 9.458501600000048,
                                    "count": 4354,
                                    "self": 0.2564153000002083,
                                    "children": {
                                        "TorchPolicy.evaluate": {
                                            "total": 9.20208629999984,
                                            "count": 4354,
                                            "self": 2.969569999999697,
                                            "children": {
                                                "TorchPolicy.sample_actions": {
                                                    "total": 6.2325163000001425,
                                                    "count": 4354,
                                                    "self": 6.2325163000001425
                                                }
                                            }
                                        }
                                    }
                                },
                                "workers": {
                                    "total": 0.0570723999999565,
                                    "count": 4353,
                                    "self": 0.0,
                                    "children": {
                                        "worker_root": {
                                            "total": 44.64775249999984,
                                            "count": 4353,
                                            "is_parallel": true,
                                            "self": 14.299053899999883,
                                            "children": {
                                                "steps_from_proto": {
                                                    "total": 0.0003667999999983351,
                                                    "count": 1,
                                                    "is_parallel": true,
                                                    "self": 0.00010449999999728732,
                                                    "children": {
                                                        "_process_vector_observation": {
                                                            "total": 0.0002623000000010478,
                                                            "count": 4,
                                                            "is_parallel": true,
                                                            "self": 0.0002623000000010478
                                                        }
                                                    }
                                                },
                                                "UnityEnvironment.step": {
                                                    "total": 30.348331799999958,
                                                    "count": 4353,
                                                    "is_parallel": true,
                                                    "self": 0.3197996999998729,
                                                    "children": {
                                                        "UnityEnvironment._generate_step_input": {
                                                            "total": 0.21771529999998407,
                                                            "count": 4353,
                                                            "is_parallel": true,
                                                            "self": 0.21771529999998407
                                                        },
                                                        "communicator.exchange": {
                                                            "total": 28.844104199999965,
                                                            "count": 4353,
                                                            "is_parallel": true,
                                                            "self": 28.844104199999965
                                                        },
                                                        "steps_from_proto": {
                                                            "total": 0.966712600000136,
                                                            "count": 4353,
                                                            "is_parallel": true,
                                                            "self": 0.34936900000012727,
                                                            "children": {
                                                                "_process_vector_observation": {
                                                                    "total": 0.6173436000000088,
                                                                    "count": 17412,
                                                                    "is_parallel": true,
                                                                    "self": 0.6173436000000088
                                                                }
                                                            }
                                                        }
                                                    }
                                                }
                                            }
                                        }
                                    }
                                }
                            }
                        }
                    }
                },
                "trainer_threads": {
                    "total": 2.3699999999848842e-05,
                    "count": 1,
                    "self": 2.3699999999848842e-05,
                    "children": {
                        "thread_root": {
                            "total": 0.0,
                            "count": 0,
                            "is_parallel": true,
                            "self": 0.0,
                            "children": {
                                "trainer_advance": {
                                    "total": 43.41318240000002,