{
    "name": "root",
    "metadata": {
        "timer_format_version": "0.1.0",
        "start_time_seconds": "1606944799",
        "python_version": "3.7.9 (default, Aug 31 2020, 17:10:11) [MSC v.1916 64 bit (AMD64)]",
        "command_line_arguments": "C:\\Users\\sergi\\.conda\\envs\\ml-agents-war\\Scripts\\mlagents-learn ./trainer_config.yaml --run-id tank_body_03",
        "mlagents_version": "0.22.0",
        "mlagents_envs_version": "0.22.0",
        "communication_protocol_version": "1.2.0",
        "pytorch_version": "1.7.0",
        "numpy_version": "1.19.2",
        "end_time_seconds": "1606944868"
    },
    "total": 68.7726355,
    "count": 1,
    "self": 0.0634237000000013,
    "children": {
        "run_training.setup": {
            "total": 0.009618499999999974,
            "count": 1,
            "self": 0.009618499999999974
        },
        "TrainerController.start_learning": {
            "total": 68.6995933,
            "count": 1,
            "self": 0.1714917999998704,
            "children": {
                "TrainerController._reset_env": {
                    "total": 8.957053799999999,
                    "count": 1,
                    "self": 8.957053799999999
                },
                "TrainerController.advance": {
                    "total": 59.451215300000136,
                    "count": 6211,
                    "self": 0.0878022999998791,
                    "children": {
                        "env_step": {
                            "total": 59.36341300000026,
                            "count": 6211,
                            "self": 46.506202700000344,
                            "children": {
                                "SubprocessEnvManager._take_step": {
                                    "total": 12.77637219999996,
                                    "count": 6211,
                                    "self": 0.35671759999986286,
                                    "children": {
                                        "TorchPolicy.evaluate": {
                                            "total": 12.419654600000097,
                                            "count": 6211,
                                            "self": 3.8871204000002137,
                                            "children": {
                                                "TorchPolicy.sample_actions": {
                                                    "total": 8.532534199999883,
                                                    "count": 6211,
                                                    "self": 8.532534199999883
                                                }
                                            }
                                        }
                                    }
                                },
                                "workers": {
                                    "total": 0.08083809999995317,
                                    "count": 6210,
                                    "self": 0.0,
                                    "children": {
                                        "worker_root": {
                                            "total": 60.82085300000027,
                                            "count": 6210,
                                            "is_parallel": true,
                                            "self": 19.170007300000144,
                                            "children": {
                                                "steps_from_proto": {
                                                    "total": 0.00041229999999981004,
                                                    "count": 1,
                                                    "is_parallel": true,
                                                    "self": 0.00012370000000050396,
                                                    "children": {
                                                        "_process_vector_observation": {
                                                            "total": 0.0002885999999993061,
                                                            "count": 4,
                                                            "is_parallel": true,
                                                            "self": 0.0002885999999993061
                                                        }
                                                    }
                                                },
                                                "UnityEnvironment.step": {
                                                    "total": 41.650433400000125,
                                                    "count": 6210,
                                                    "is_parallel": true,
                                                    "self": 0.4857619000000639,
                                                    "children": {
                                                        "UnityEnvironment._generate_step_input": {
                                                            "total": 0.3185202000004512,
                                                            "count": 6210,
                                                            "is_parallel": true,
                                                            "self": 0.3185202000004512
                                                        },
                                                        "communicator.exchange": {
                                                            "total": 39.37466829999992,
                                                            "count": 6210,
                                                            "is_parallel": true,
                                                            "self": 39.37466829999992
                                                        },
                                                        "steps_from_proto": {
                                                            "total": 1.4714829999996937,
                                                            "count": 6210,
                                                            "is_parallel": true,
                                                            "self": 0.5232372000000751,
                                                            "children": {
                                                                "_process_vector_observation": {
                                                                    "total": 0.9482457999996186,
                                                                    "count": 24840,
                                                                    "is_parallel": true,
                                                                    "self": 0.9482457999996186
                                                                }
                                                            }
                                                        }
                                                    }
                                                }
                                            }
                                        }
                                    }
                                }
                            }
                        }
                    }
                },
                "trainer_threads": {
                    "total": 3.429999999582378e-05,
                    "count": 1,
                    "self": 3.429999999582378e-05,
                    "children": {
                        "thread_root": {
                            "total": 0.0,
                            "count": 0,
                            "is_parallel": true,
                            "self": 0.0,
                            "children": {
                                "trainer_advance": {
                                    "total": 59.53856219999961,