{
    "name": "root",
    "metadata": {
        "timer_format_version": "0.1.0",
        "start_time_seconds": "1607541608",
        "python_version": "3.7.9 (default, Aug 31 2020, 17:10:11) [MSC v.1916 64 bit (AMD64)]",
        "command_line_arguments": "C:\\Users\\sergi\\.conda\\envs\\ml-agents-war\\Scripts\\mlagents-learn ./trainer_config.yaml --run-id=gun_29",
        "mlagents_version": "0.22.0",
        "mlagents_envs_version": "0.22.0",
        "communication_protocol_version": "1.2.0",
        "pytorch_version": "1.7.0",
        "numpy_version": "1.18.5",
        "end_time_seconds": "1607541626"
    },
    "total": 18.0141856,
    "count": 1,
    "self": 0.21163810000000183,
    "children": {
        "run_training.setup": {
            "total": 0.008372899999999905,
            "count": 1,
            "self": 0.008372899999999905
        },
        "TrainerController.start_learning": {
            "total": 17.794174599999998,
            "count": 1,
            "self": 0.033179900000028795,
            "children": {
                "TrainerController._reset_env": {
                    "total": 8.6335025,
                    "count": 1,
                    "self": 8.6335025
                },
                "TrainerController.advance": {
                    "total": 9.00975249999997,
                    "count": 749,
                    "self": 0.010559699999971528,
                    "children": {
                        "env_step": {
                            "total": 8.999192799999998,
                            "count": 749,
                            "self": 7.048887199999955,
                            "children": {
                                "SubprocessEnvManager._take_step": {
                                    "total": 1.9405683000000469,
                                    "count": 749,
                                    "self": 0.0502241000000776,
                                    "children": {
                                        "TorchPolicy.evaluate": {
                                            "total": 1.8903441999999693,
                                            "count": 747,
                                            "self": 0.5116572999999764,
                                            "children": {
                                                "TorchPolicy.sample_actions": {
                                                    "total": 1.3786868999999928,
                                                    "count": 747,
                                                    "self": 1.3786868999999928
                                                }
                                            }
                                        }
                                    }
                                },
                                "workers": {
                                    "total": 0.009737299999995841,
                                    "count": 748,
                                    "self": 0.0,
                                    "children": {
                                        "worker_root": {
                                            "total": 10.517501100000002,
                                            "count": 748,
                                            "is_parallel": true,
                                            "self": 4.266148400000026,
                                            "children": {
                                                "steps_from_proto": {
                                                    "total": 0.0004251000000001781,
                                                    "count": 1,
                                                    "is_parallel": true,
                                                    "self": 0.00010590000000032518,
                                                    "children": {
                                                        "_process_vector_observation": {
                                                            "total": 0.00031919999999985293,
                                                            "count": 4,
                                                            "is_parallel": true,
                                                            "self": 0.00031919999999985293
                                                        }
                                                    }
                                                },
                                                "UnityEnvironment.step": {
                                                    "total": 6.250927599999976,
                                                    "count": 748,
                                                    "is_parallel": true,
                                                    "self": 0.08437449999992275,
                                                    "children": {
                                                        "UnityEnvironment._generate_step_input": {
                                                            "total": 0.08520790000003231,
                                                            "count": 748,
                                                            "is_parallel": true,
                                                            "self": 0.08520790000003231
                                                        },
                                                        "communicator.exchange": {
                                                            "total": 5.827025399999993,
                                                            "count": 748,
                                                            "is_parallel": true,
                                                            "self": 5.827025399999993
                                                        },
                                                        "steps_from_proto": {
                                                            "total": 0.25431980000002774,
                                                            "count": 748,
                                                            "is_parallel": true,
                                                            "self": 0.06760120000004655,
                                                            "children": {
                                                                "_process_vector_observation": {
                                                                    "total": 0.1867185999999812,
                                                                    "count": 2992,
                                                                    "is_parallel": true,
                                                                    "self": 0.1867185999999812
                                                                }
                                                            }
                                                        }
                                                    }
                                                }
                                            }
                                        }
                                    }
                                }
                            }
                        }
                    }
                },
                "trainer_threads": {
                    "total": 2.200000000129876e-05,
                    "count": 1,
                    "self": 2.200000000129876e-05,
                    "children": {
                        "thread_root": {
                            "total": 0.0,
                            "count": 0,
                            "is_parallel": true,
                            "self": 0.0,
                            "children": {
                                "trainer_advance": {
                                    "total": 9.03097920000002,