{
    "name": "root",
    "metadata": {
        "timer_format_version": "0.1.0",
        "start_time_seconds": "1606954754",
        "python_version": "3.7.9 (default, Aug 31 2020, 17:10:11) [MSC v.1916 64 bit (AMD64)]",
        "command_line_arguments": "C:\\Users\\sergi\\.conda\\envs\\ml-agents-war\\Scripts\\mlagents-learn ./trainer_config.yaml --run-id tank_body_10",
        "mlagents_version": "0.22.0",
        "mlagents_envs_version": "0.22.0",
        "communication_protocol_version": "1.2.0",
        "pytorch_version": "1.7.0",
        "numpy_version": "1.19.2",
        "end_time_seconds": "1606954800"
    },
    "total": 46.1818919,
    "count": 1,
    "self": 0.042988499999999874,
    "children": {
        "run_training.setup": {
            "total": 0.008475100000000069,
            "count": 1,
            "self": 0.008475100000000069
        },
        "TrainerController.start_learning": {
            "total": 46.1304283,
            "count": 1,
            "self": 0.04013330000005766,
            "children": {
                "TrainerController._reset_env": {
                    "total": 6.8211687,
                    "count": 1,
                    "self": 6.8211687
                },
                "TrainerController.advance": {
                    "total": 39.162923699999936,
                    "count": 1300,
                    "self": 0.019119200000098147,
                    "children": {
                        "env_step": {
                            "total": 39.14380449999984,
                            "count": 1300,
                            "self": 36.08127219999988,
                            "children": {
                                "SubprocessEnvManager._take_step": {
                                    "total": 3.045237099999947,
                                    "count": 1300,
                                    "self": 0.07770919999993442,
                                    "children": {
                                        "TorchPolicy.evaluate": {
                                            "total": 2.9675279000000128,
                                            "count": 1300,
                                            "self": 0.8897180999999827,
                                            "children": {
                                                "TorchPolicy.sample_actions": {
                                                    "total": 2.07780980000003,
                                                    "count": 1300,
                                                    "self": 2.07780980000003
                                                }
                                            }
                                        }
                                    }
                                },
                                "workers": {
                                    "total": 0.017295200000013722,
                                    "count": 1299,
                                    "self": 0.0,
                                    "children": {
                                        "worker_root": {
                                            "total": 40.4264244,
                                            "count": 1299,
                                            "is_parallel": true,
                                            "self": 5.434950399999913,
                                            "children": {
                                                "steps_from_proto": {
                                                    "total": 0.0003709999999994551,
                                                    "count": 1,
                                                    "is_parallel": true,
                                                    "self": 9.420000000037732e-05,
                                                    "children": {
                                                        "_process_vector_observation": {
                                                            "total": 0.0002767999999990778,
                                                            "count": 4,
                                                            "is_parallel": true,
                                                            "self": 0.0002767999999990778
                                                        }
                                                    }
                                                },
                                                "UnityEnvironment.step": {
                                                    "total": 34.99110300000009,
                                                    "count": 1299,
                                                    "is_parallel": true,
                                                    "self": 0.10355680000009215,
                                                    "children": {
                                                        "UnityEnvironment._generate_step_input": {
                                                            "total": 0.06605160000002552,
                                                            "count": 1299,
                                                            "is_parallel": true,
                                                            "self": 0.06605160000002552
                                                        },
                                                        "communicator.exchange": {
                                                            "total": 34.52056299999998,
                                                            "count": 1299,
                                                            "is_parallel": true,
                                                            "self": 34.52056299999998
                                                        },
                                                        "steps_from_proto": {
                                                            "total": 0.3009315999999931,
                                                            "count": 1299,
                                                            "is_parallel": true,
                                                            "self": 0.10742879999991573,
                                                            "children": {
                                                                "_process_vector_observation": {
                                                                    "total": 0.19350280000007736,
                                                                    "count": 5196,
                                                                    "is_parallel": true,
                                                                    "self": 0.19350280000007736
                                                                }
                                                            }
                                                        }
                                                    }
                                                }
                                            }
                                        }
                                    }
                                }
                            }
                        }
                    }
                },
                "trainer_threads": {
                    "total": 2.260000000120499e-05,
                    "count": 1,
                    "self": 2.260000000120499e-05,
                    "children": {
                        "thread_root": {
                            "total": 0.0,
                            "count": 0,
                            "is_parallel": true,
                            "self": 0.0,
                            "children": {
                                "trainer_advance": {
                                    "total": 39.14130999999997,