{
    "name": "root",
    "gauges": {
        "gun.Policy.Entropy.mean": {
            "value": 1.3999103307724,
            "min": 1.3999103307724,
            "max": 1.4172502756118774,
            "count": 10
        },
        "gun.Environment.EpisodeLength.mean": {
            "value": 939.9629629629629,
            "min": 701.4603174603175,
            "max": 962.6734693877551,
            "count": 10
        },
        "gun.Policy.ExtrinsicValueEstimate.mean": {
            "value": 4.302255630493164,
            "min": 0.056092631071805954,
            "max": 4.302255630493164,
            "count": 10
        },
        "gun.Environment.CumulativeReward.mean": {
            "value": 41.146743530062615,
            "min": -3.9657448046500723,
            "max": 41.146743530062615,
            "count": 10
        },
        "gun.Policy.ExtrinsicReward.mean": {
            "value": 41.146743530062615,
            "min": -3.9657448046500723,
            "max": 41.146743530062615,
            "count": 10
        },
        "gun.Losses.PolicyLoss.mean": {
            "value": 0.022994050194198888,
            "min": 0.022151885228231548,
            "max": 0.02481943730885784,
            "count": 10
        },
        "gun.Losses.ValueLoss.mean": {
            "value": 0.10133870892226697,
            "min": 0.10133870892226697,
            "max": 0.3442834914724032,
            "count": 10
        },
        "gun.Policy.LearningRate.mean": {
            "value": 1.6274374575239997e-05,
            "min": 1.6274374575239997e-05,
            "max": 0.0002845123551625499,
            "count": 10
        },
        "gun.Policy.Epsilon.mean": {
            "value": 0.10542476,
            "min": 0.10542476,
            "max": 0.19483745000000002,
            "count": 10
        },
        "gun.Policy.Beta.mean": {
            "value": 0.0002806955239999999,
            "min": 0.0002806955239999999,
            "max": 0.004742388755,
            "count": 10
        },
        "gun.IsTraining.mean": {
            "value": 1.0,
            "min": 1.0,
            "max": 1.0,
            "count": 10
        }
    },
    "metadata": {
        "timer_format_version": "0.1.0",
        "start_time_seconds": "1607461680",
        "python_version": "3.7.9 (default, Aug 31 2020, 17:10:11) [MSC v.1916 64 bit (AMD64)]",
        "command_line_arguments": "C:\\Users\\sergi\\.conda\\envs\\ml-agents-war\\Scripts\\mlagents-learn ./trainer_config.yaml --run-id gun_10",
        "mlagents_version": "0.22.0",
        "mlagents_envs_version": "0.22.0",
        "communication_protocol_version": "1.2.0",
        "pytorch_version": "1.7.0",
        "numpy_version": "1.18.5",
        "end_time_seconds": "1607462212"
    },
    "total": 531.941506,
    "count": 1,
    "self": 0.3399977999999919,
    "children": {
        "run_training.setup": {
            "total": 0.010052700000000137,
            "count": 1,
            "self": 0.010052700000000137
        },
        "TrainerController.start_learning": {
            "total": 531.5914555,
            "count": 1,
            "self": 1.110065799995482,
            "children": {
                "TrainerController._reset_env": {
                    "total": 8.9182619,
                    "count": 1,
                    "self": 8.9182619
                },
                "TrainerController.advance": {
                    "total": 521.4979816000047,
                    "count": 33916,
                    "self": 0.5705822000043099,
                    "children": {
                        "env_step": {
                            "total": 520.9273994000004,
                            "count": 33916,
                            "self": 394.8390117000014,
                            "children": {
                                "SubprocessEnvManager._take_step": {
                                    "total": 125.49718229999691,
                                    "count": 33916,
                                    "self": 2.6875344999959765,
                                    "children": {
                                        "TorchPolicy.evaluate": {
                                            "total": 122.80964780000093,
                                            "count": 33373,
                                            "self": 32.4284952000056,
                                            "children": {
                                                "TorchPolicy.sample_actions": {
                                                    "total": 90.38115259999533,
                                                    "count": 33373,
                                                    "self": 90.38115259999533
                                                }
                                            }
                                        }
                                    }
                                },
                                "workers": {
                                    "total": 0.591205400002087,
                                    "count": 33916,
                                    "self": 0.0,
                                    "children": {
                                        "worker_root": {
                                            "total": 523.093370100003,
                                            "count": 33916,
                                            "is_parallel": true,
                                            "self": 194.71452700000674,
                                            "children": {
                                                "steps_from_proto": {
                                                    "total": 0.000657600000000258,
                                                    "count": 1,
                                                    "is_parallel": true,
                                                    "self": 0.00011460000000074189,
                                                    "children": {
                                                        "_process_vector_observation": {
                                                            "total": 0.0005429999999995161,
                                                            "count": 4,
                                                            "is_parallel": true,
                                                            "self": 0.0005429999999995161
                                                        }
                                                    }
                                                },
                                                "UnityEnvironment.step": {
                                                    "total": 328.3781854999962,
                                                    "count": 33916,
                                                    "is_parallel": true,
                                                    "self": 7.021050900000262,
                                                    "children": {
                                                        "UnityEnvironment._generate_step_input": {
                                                            "total": 5.506337500001388,
                                                            "count": 33916,
                                                            "is_parallel": true,
                                                            "self": 5.506337500001388
                                                        },
                                                        "communicator.exchange": {
                                                            "total": 293.87708769999625,
                                                            "count": 33916,
                                                            "is_parallel": true,