{
    "name": "root",
    "metadata": {
        "timer_format_version": "0.1.0",
        "start_time_seconds": "1606954854",
        "python_version": "3.7.9 (default, Aug 31 2020, 17:10:11) [MSC v.1916 64 bit (AMD64)]",
        "command_line_arguments": "C:\\Users\\sergi\\.conda\\envs\\ml-agents-war\\Scripts\\mlagents-learn ./trainer_config.yaml --run-id tank_body_11",
        "mlagents_version": "0.22.0",
        "mlagents_envs_version": "0.22.0",
        "communication_protocol_version": "1.2.0",
        "pytorch_version": "1.7.0",
        "numpy_version": "1.19.2",
        "end_time_seconds": "1606954971"
    },
    "total": 117.1063271,
    "count": 1,
    "self": 0.0524247000000031,
    "children": {
        "run_training.setup": {
            "total": 0.009858900000000004,
            "count": 1,
            "self": 0.009858900000000004
        },
        "TrainerController.start_learning": {
            "total": 117.0440435,
            "count": 1,
            "self": 0.06811510000018473,
            "children": {
                "TrainerController._reset_env": {
                    "total": 6.5530522,
                    "count": 1,
                    "self": 6.5530522
                },
                "TrainerController.advance": {
                    "total": 110.31602829999981,
                    "count": 2068,
                    "self": 0.030461799999926598,
                    "children": {
                        "env_step": {
                            "total": 110.28556649999989,
                            "count": 2068,
                            "self": 105.63471410000002,
                            "children": {
                                "SubprocessEnvManager._take_step": {
                                    "total": 4.623151299999889,
                                    "count": 2068,
                                    "self": 0.12368320000015132,
                                    "children": {
                                        "TorchPolicy.evaluate": {
                                            "total": 4.499468099999738,
                                            "count": 2068,
                                            "self": 1.3870031999997536,
                                            "children": {
                                                "TorchPolicy.sample_actions": {
                                                    "total": 3.112464899999984,
                                                    "count": 2068,
                                                    "self": 3.112464899999984
                                                }
                                            }
                                        }
                                    }
                                },
                                "workers": {
                                    "total": 0.027701099999974055,
                                    "count": 2067,
                                    "self": 0.0,
                                    "children": {
                                        "worker_root": {
                                            "total": 111.6021823000003,
                                            "count": 2067,
                                            "is_parallel": true,
                                            "self": 7.667769000000348,
                                            "children": {
                                                "steps_from_proto": {
                                                    "total": 0.000359200000000115,
                                                    "count": 1,
                                                    "is_parallel": true,
                                                    "self": 0.0001250999999999891,
                                                    "children": {
                                                        "_process_vector_observation": {
                                                            "total": 0.00023410000000012587,
                                                            "count": 4,
                                                            "is_parallel": true,
                                                            "self": 0.00023410000000012587
                                                        }
                                                    }
                                                },
                                                "UnityEnvironment.step": {
                                                    "total": 103.93405409999994,
                                                    "count": 2067,
                                                    "is_parallel": true,
                                                    "self": 0.16933959999950332,
                                                    "children": {
                                                        "UnityEnvironment._generate_step_input": {
                                                            "total": 0.10551130000026543,
                                                            "count": 2067,
                                                            "is_parallel": true,
                                                            "self": 0.10551130000026543
                                                        },
                                                        "communicator.exchange": {
                                                            "total": 103.17227260000006,
                                                            "count": 2067,
                                                            "is_parallel": true,
                                                            "self": 103.17227260000006
                                                        },
                                                        "steps_from_proto": {
                                                            "total": 0.486930600000127,
                                                            "count": 2067,
                                                            "is_parallel": true,
                                                            "self": 0.1698928000004214,
                                                            "children": {
                                                                "_process_vector_observation": {
                                                                    "total": 0.3170377999997056,
                                                                    "count": 8268,
                                                                    "is_parallel": true,
                                                                    "self": 0.3170377999997056
                                                                }
                                                            }
                                                        }
                                                    }
                                                }
                                            }
                                        }
                                    }
                                }
                            }
                        }
                    }
                },
                "trainer_threads": {
                    "total": 2.0200000008685493e-05,
                    "count": 1,
                    "self": 2.0200000008685493e-05,
                    "children": {
                        "thread_root": {
                            "total": 0.0,
                            "count": 0,
                            "is_parallel": true,
                            "self": 0.0,
                            "children": {
                                "trainer_advance": {
                                    "total": 110.20791329999922,