{"cameraMode":{"drawMode":0,"name":"Shaded","section":"Shading Mode"},"sceneLighting":false,"audioPlay":false,"sceneViewState":{"showFog":true,"showMaterialUpdate":true,"showSkybox":false,"showFlares":true,"showImageEffects":true,"showParticleSystems":true},"in2DMode":false,"pivot":{"x":-6.052324295043945,"y":-3.770632266998291,"z":0.5112700462341309},"rotation":{"x":-0.23469233512878419,"y":0.620699405670166,"z":-0.20225413143634797,"w":-0.7202472686767578},"size":7.508679389953613,"orthographic":false}