{"cameraMode":{"drawMode":0,"name":"Shaded","section":"Shading Mode"},"sceneLighting":false,"audioPlay":false,"sceneViewState":{"showFog":true,"showMaterialUpdate":true,"showSkybox":true,"showFlares":true,"showImageEffects":true,"showParticleSystems":true},"in2DMode":false,"pivot":{"x":22.571481704711915,"y":-5.693962097167969,"z":29.339885711669923},"rotation":{"x":0.392990380525589,"y":0.5917627215385437,"z":-0.4030264914035797,"w":0.5770362615585327},"size":19.309001922607423,"orthographic":false}