{"cameraMode":{"drawMode":0,"name":"Shaded","section":"Shading Mode"},"sceneLighting":false,"audioPlay":false,"sceneViewState":{"showFog":true,"showMaterialUpdate":true,"showSkybox":false,"showFlares":true,"showImageEffects":true,"showParticleSystems":true},"in2DMode":false,"pivot":{"x":0.53233802318573,"y":0.5453376770019531,"z":0.2764952778816223},"rotation":{"x":-0.3264736235141754,"y":0.48805177211761477,"z":-0.20336803793907166,"w":-0.7835004925727844},"size":0.4350217580795288,"orthographic":false}