{"cameraMode":{"drawMode":0,"name":"Shaded","section":"Shading Mode"},"sceneLighting":false,"audioPlay":false,"sceneViewState":{"showFog":true,"showMaterialUpdate":true,"showSkybox":false,"showFlares":true,"showImageEffects":true,"showParticleSystems":true},"in2DMode":false,"pivot":{"x":0.9967734813690186,"y":1.2158477306365967,"z":0.7208259701728821},"rotation":{"x":-0.05608580633997917,"y":0.941696047782898,"z":-0.2655060291290283,"w":-0.19894424080848695},"size":1.5084269046783448,"orthographic":false}