{"cameraMode":{"drawMode":0,"name":"Shaded","section":"Shading Mode"},"sceneLighting":false,"audioPlay":false,"sceneViewState":{"showFog":true,"showMaterialUpdate":true,"showSkybox":false,"showFlares":true,"showImageEffects":true,"showParticleSystems":true},"in2DMode":false,"pivot":{"x":-140.4229736328125,"y":-25.63930892944336,"z":78.20762634277344},"rotation":{"x":-0.04939909651875496,"y":0.5532459616661072,"z":-0.03292349725961685,"w":-0.83094322681427},"size":137.77207946777345,"orthographic":false}