{"cameraMode":{"drawMode":0,"name":"Shaded","section":"Shading Mode"},"sceneLighting":false,"audioPlay":false,"sceneViewState":{"showFog":true,"showMaterialUpdate":true,"showSkybox":true,"showFlares":true,"showImageEffects":true,"showParticleSystems":true},"in2DMode":false,"pivot":{"x":14.281442642211914,"y":-10.901169776916504,"z":1.3943897485733033},"rotation":{"x":-0.21201756596565247,"y":0.736422061920166,"z":-0.26712262630462649,"w":-0.5843685269355774},"size":24.923500061035158,"orthographic":false}