{"cameraMode":{"drawMode":0,"name":"Shaded","section":"Shading Mode"},"sceneLighting":false,"audioPlay":false,"sceneViewState":{"showFog":true,"showMaterialUpdate":true,"showSkybox":false,"showFlares":true,"showImageEffects":true,"showParticleSystems":true},"in2DMode":false,"pivot":{"x":209.85711669921876,"y":58.146453857421878,"z":68.10513305664063},"rotation":{"x":-0.3478158712387085,"y":0.09905344992876053,"z":-0.0369599275290966,"w":-0.9316400289535523},"size":45.672508239746097,"orthographic":false}