{
    "name": "root",
    "gauges": {
        "gun.Policy.Entropy.mean": {
            "value": 1.3941481113433838,
            "min": 1.3941481113433838,
            "max": 1.4196319580078125,
            "count": 107
        },
        "gun.Policy.ExtrinsicValueEstimate.mean": {
            "value": 12.743610382080078,
            "min": -7.650612831115723,
            "max": 12.743610382080078,
            "count": 107
        },
        "gun.Environment.EpisodeLength.mean": {
            "value": 893.7777777777778,
            "min": 503.6666666666667,
            "max": 999.0,
            "count": 107
        },
        "gun.Environment.CumulativeReward.mean": {
            "value": 113.69323431783252,
            "min": -435.5319052139918,
            "max": 129.10682978894977,
            "count": 107
        },
        "gun.Policy.ExtrinsicReward.mean": {
            "value": 113.69323431783252,
            "min": -435.5319052139918,
            "max": 129.10682978894977,
            "count": 107
        },
        "gun.IsTraining.mean": {
            "value": 1.0,
            "min": 1.0,
            "max": 1.0,
            "count": 107
        },
        "gun.Losses.PolicyLoss.mean": {
            "value": 0.01834983188503732,
            "min": 0.011006128194518775,
            "max": 0.0197857916597665,
            "count": 52
        },
        "gun.Losses.ValueLoss.mean": {
            "value": 2.890281399091085,
            "min": 2.08603106935819,
            "max": 64.6184533437093,
            "count": 52
        },
        "gun.Policy.LearningRate.mean": {
            "value": 0.00020844003052,
            "min": 0.00020844003052,
            "max": 0.0002982412291576857,
            "count": 52
        },
        "gun.Policy.Epsilon.mean": {
            "value": 0.16948,
            "min": 0.16948,
            "max": 0.19941374285714286,
            "count": 52
        },
        "gun.Policy.Beta.mean": {
            "value": 0.003477052,
            "min": 0.003477052,
            "max": 0.004970745768571429,
            "count": 52
        }
    },
    "metadata": {
        "timer_format_version": "0.1.0",
        "start_time_seconds": "1607467939",
        "python_version": "3.7.9 (default, Aug 31 2020, 17:10:11) [MSC v.1916 64 bit (AMD64)]",
        "command_line_arguments": "C:\\Users\\sergi\\.conda\\envs\\ml-agents-war\\Scripts\\mlagents-learn ./trainer_config.yaml --run-id gun_16",
        "mlagents_version": "0.22.0",
        "mlagents_envs_version": "0.22.0",
        "communication_protocol_version": "1.2.0",
        "pytorch_version": "1.7.0",
        "numpy_version": "1.18.5",
        "end_time_seconds": "1607469318"
    },
    "total": 1378.3466888,
    "count": 1,
    "self": 0.26945569999975305,
    "children": {
        "run_training.setup": {
            "total": 0.009601700000000157,
            "count": 1,
            "self": 0.009601700000000157
        },
        "TrainerController.start_learning": {
            "total": 1378.0676314000002,
            "count": 1,
            "self": 2.359539599993923,
            "children": {
                "TrainerController._reset_env": {
                    "total": 9.6803983,
                    "count": 1,
                    "self": 9.6803983
                },
                "TrainerController.advance": {
                    "total": 1365.9194782000063,
                    "count": 73157,
                    "self": 1.2496074999894518,
                    "children": {
                        "env_step": {
                            "total": 1364.6698707000169,
                            "count": 73157,
                            "self": 1103.87156810004,
                            "children": {
                                "SubprocessEnvManager._take_step": {
                                    "total": 259.61539809999107,
                                    "count": 73157,
                                    "self": 5.375373699987108,
                                    "children": {
                                        "TorchPolicy.evaluate": {
                                            "total": 254.24002440000396,
                                            "count": 71781,
                                            "self": 64.81596700000026,
                                            "children": {
                                                "TorchPolicy.sample_actions": {
                                                    "total": 189.4240574000037,
                                                    "count": 71781,
                                                    "self": 189.4240574000037
                                                }
                                            }
                                        }
                                    }
                                },
                                "workers": {
                                    "total": 1.182904499985792,
                                    "count": 73156,
                                    "self": 0.0,
                                    "children": {
                                        "worker_root": {
                                            "total": 1367.466321500015,
                                            "count": 73156,
                                            "is_parallel": true,
                                            "self": 433.1730591000452,
                                            "children": {
                                                "steps_from_proto": {
                                                    "total": 0.0009180000000004185,
                                                    "count": 1,
                                                    "is_parallel": true,
                                                    "self": 0.00012090000000064549,
                                                    "children": {
                                                        "_process_vector_observation": {
                                                            "total": 0.000797099999999773,
                                                            "count": 4,
                                                            "is_parallel": true,
                                                            "self": 0.000797099999999773
                                                        }
                                                    }
                                                },
                                                "UnityEnvironment.step": {
                                                    "total": 934.2923443999699,
                                                    "count": 73156,
                                                    "is_parallel": true,
                                                    "self": 17.585717799988288,
                                                    "children": {
                                                        "UnityEnvironment._generate_step_input": {
                                                            "total": 10.999341699990458,
                                                            "count": 73156,
                                                            "is_parallel": true,
                                                            "self": 10.999341699990458
                                                        },
                                                        "communicator.exchange": {
                                                            "total": 840.8834125000002,
                                                            "count": 73156,
                                                            "is_parallel": true,
                                                            "self": 840.8834125000002
                                                        },