{
    "name": "root",
    "gauges": {
        "war.Policy.Entropy.mean": {
            "value": 1.407936692237854,
            "min": 1.407936692237854,
            "max": 1.4189382791519165,
            "count": 100
        },
        "war.Policy.ExtrinsicValueEstimate.mean": {
            "value": 5.434708118438721,
            "min": -0.5504530668258667,
            "max": 5.434708118438721,
            "count": 100
        },
        "war.IsTraining.mean": {
            "value": 1.0,
            "min": 1.0,
            "max": 1.0,
            "count": 100
        },
        "war.Environment.EpisodeLength.mean": {
            "value": 999.0,
            "min": 999.0,
            "max": 999.0,
            "count": 66
        },
        "war.Environment.CumulativeReward.mean": {
            "value": 232.0581760406494,
            "min": -287.5842921733856,
            "max": 439.3094673156738,
            "count": 99
        },
        "war.Policy.ExtrinsicReward.mean": {
            "value": 232.0581760406494,
            "min": -287.5842921733856,
            "max": 439.3094673156738,
            "count": 99
        },
        "war.Losses.PolicyLoss.mean": {
            "value": 0.01716945418471975,
            "min": 0.01033626977247574,
            "max": 0.02263246528067005,
            "count": 46
        },
        "war.Losses.ValueLoss.mean": {
            "value": 17.145826657613117,
            "min": 12.944928685824076,
            "max": 22.967821677525837,
            "count": 46
        },
        "war.Policy.LearningRate.mean": {
            "value": 4.620098459999991e-06,
            "min": 4.620098459999991e-06,
            "max": 0.000293772002076,
            "count": 46
        },
        "war.Policy.Epsilon.mean": {
            "value": 0.10154,
            "min": 0.10154,
            "max": 0.19792400000000002,
            "count": 46
        },
        "war.Policy.Beta.mean": {
            "value": 8.684599999999985e-05,
            "min": 8.684599999999985e-05,
            "max": 0.0048964076,
            "count": 46
        }
    },
    "metadata": {
        "timer_format_version": "0.1.0",
        "start_time_seconds": "1607454470",
        "python_version": "3.7.9 (default, Aug 31 2020, 17:10:11) [MSC v.1916 64 bit (AMD64)]",
        "command_line_arguments": "C:\\Users\\sergi\\.conda\\envs\\ml-agents-war\\Scripts\\mlagents-learn ./trainer_config.yaml --run-id tank_body_36",
        "mlagents_version": "0.22.0",
        "mlagents_envs_version": "0.22.0",
        "communication_protocol_version": "1.2.0",
        "pytorch_version": "1.7.0",
        "numpy_version": "1.18.5",
        "end_time_seconds": "1607455527"
    },
    "total": 1056.3949867,
    "count": 1,
    "self": 0.29837559999987207,
    "children": {
        "run_training.setup": {
            "total": 0.008448299999999964,
            "count": 1,
            "self": 0.008448299999999964
        },
        "TrainerController.start_learning": {
            "total": 1056.0881628,
            "count": 1,
            "self": 2.0784275000057733,
            "children": {
                "TrainerController._reset_env": {
                    "total": 9.9734818,
                    "count": 1,
                    "self": 9.9734818
                },
                "TrainerController.advance": {
                    "total": 1043.9804038999944,
                    "count": 66774,
                    "self": 1.029593399988471,
                    "children": {
                        "env_step": {
                            "total": 1042.950810500006,
                            "count": 66774,
                            "self": 812.0412322999963,
                            "children": {
                                "SubprocessEnvManager._take_step": {
                                    "total": 229.90733740000613,
                                    "count": 66774,
                                    "self": 4.694920900012335,
                                    "children": {
                                        "TorchPolicy.evaluate": {
                                            "total": 225.2124164999938,
                                            "count": 66774,
                                            "self": 56.30945540000076,
                                            "children": {
                                                "TorchPolicy.sample_actions": {
                                                    "total": 168.90296109999304,
                                                    "count": 66774,
                                                    "self": 168.90296109999304
                                                }
                                            }
                                        }
                                    }
                                },
                                "workers": {
                                    "total": 1.0022408000034613,
                                    "count": 66774,
                                    "self": 0.0,
                                    "children": {
                                        "worker_root": {
                                            "total": 1045.548932099989,
                                            "count": 66774,
                                            "is_parallel": true,
                                            "self": 377.4830559999924,
                                            "children": {
                                                "steps_from_proto": {
                                                    "total": 0.000609300000000701,
                                                    "count": 1,
                                                    "is_parallel": true,
                                                    "self": 0.00013800000000330215,
                                                    "children": {
                                                        "_process_vector_observation": {
                                                            "total": 0.0004712999999973988,
                                                            "count": 4,
                                                            "is_parallel": true,
                                                            "self": 0.0004712999999973988
                                                        }
                                                    }
                                                },
                                                "UnityEnvironment.step": {
                                                    "total": 668.0652667999967,
                                                    "count": 66774,
                                                    "is_parallel": true,
                                                    "self": 10.494952799959833,
                                                    "children": {
                                                        "UnityEnvironment._generate_step_input": {
                                                            "total": 9.432080900010165,
                                                            "count": 66774,
                                                            "is_parallel": true,
                                                            "self": 9.432080900010165
                                                        },
                                                        "communicator.exchange": {
                                                            "total": 614.5298950000179,
                                                            "count": 66774,
                                                            "is_parallel": true,
                                                            "self": 614.5298950000179
                                                        },