{
    "name": "root",
    "gauges": {
        "war.Policy.Entropy.mean": {
            "value": 1.3888211250305176,
            "min": 1.3888211250305176,
            "max": 1.420150876045227,
            "count": 343
        },
        "war.Policy.ExtrinsicValueEstimate.mean": {
            "value": -5.147312641143799,
            "min": -9.76185131072998,
            "max": -0.1941799521446228,
            "count": 343
        },
        "war.Environment.EpisodeLength.mean": {
            "value": 999.0,
            "min": 999.0,
            "max": 999.0,
            "count": 343
        },
        "war.Environment.CumulativeReward.mean": {
            "value": -17.221312361104147,
            "min": -198.20661336183548,
            "max": 63.14963354383196,
            "count": 343
        },
        "war.Policy.ExtrinsicReward.mean": {
            "value": -17.221312361104147,
            "min": -198.20661336183548,
            "max": 63.14963354383196,
            "count": 343
        },
        "war.IsTraining.mean": {
            "value": 1.0,
            "min": 1.0,
            "max": 1.0,
            "count": 343
        },
        "war.Losses.PolicyLoss.mean": {
            "value": 0.010225750011159107,
            "min": 0.004269013899223258,
            "max": 0.01816788358458628,
            "count": 163
        },
        "war.Losses.ValueLoss.mean": {
            "value": 5.26737920443217,
            "min": 3.0105964144070945,
            "max": 13.343738396962484,
            "count": 163
        },
        "war.Policy.LearningRate.mean": {
            "value": 9.461574846144e-05,
            "min": 9.461574846144e-05,
            "max": 0.00029873568042144006,
            "count": 163
        },
        "war.Policy.Epsilon.mean": {
            "value": 0.13153856000000005,
            "min": 0.13153856000000005,
            "max": 0.19957856,
            "count": 163
        },
        "war.Policy.Beta.mean": {
            "value": 0.001583774144,
            "min": 0.001583774144,
            "max": 0.0049789701439999995,
            "count": 163
        }
    },
    "metadata": {
        "timer_format_version": "0.1.0",
        "start_time_seconds": "1607048511",
        "python_version": "3.7.9 (default, Aug 31 2020, 17:10:11) [MSC v.1916 64 bit (AMD64)]",
        "command_line_arguments": "C:\\Users\\sergi\\.conda\\envs\\ml-agents-war\\Scripts\\mlagents-learn ./trainer_config.yaml --run-id tank_body_27",
        "mlagents_version": "0.22.0",
        "mlagents_envs_version": "0.22.0",
        "communication_protocol_version": "1.2.0",
        "pytorch_version": "1.7.0",
        "numpy_version": "1.19.2",
        "end_time_seconds": "1607055567"
    },
    "total": 7055.3625432,
    "count": 1,
    "self": 0.2047686000005342,
    "children": {
        "run_training.setup": {
            "total": 0.01015889999999997,
            "count": 1,
            "self": 0.01015889999999997
        },
        "TrainerController.start_learning": {
            "total": 7055.1476157,
            "count": 1,
            "self": 16.063913900029547,
            "children": {
                "TrainerController._reset_env": {
                    "total": 7.6592893,
                    "count": 1,
                    "self": 7.6592893
                },
                "TrainerController.advance": {
                    "total": 7031.33035719997,
                    "count": 572041,
                    "self": 8.345745599987822,
                    "children": {
                        "env_step": {
                            "total": 7022.984611599983,
                            "count": 572041,
                            "self": 5531.8914098999785,
                            "children": {
                                "SubprocessEnvManager._take_step": {
                                    "total": 1482.581540300188,
                                    "count": 572041,
                                    "self": 36.12031629997546,
                                    "children": {
                                        "TorchPolicy.evaluate": {
                                            "total": 1446.4612240002125,
                                            "count": 572041,
                                            "self": 407.7442386002499,
                                            "children": {
                                                "TorchPolicy.sample_actions": {
                                                    "total": 1038.7169853999626,
                                                    "count": 572041,
                                                    "self": 1038.7169853999626
                                                }
                                            }
                                        }
                                    }
                                },
                                "workers": {
                                    "total": 8.511661399816145,
                                    "count": 572040,
                                    "self": 0.0,
                                    "children": {
                                        "worker_root": {
                                            "total": 7033.3447972999775,
                                            "count": 572040,
                                            "is_parallel": true,
                                            "self": 2092.3293503998466,
                                            "children": {
                                                "steps_from_proto": {
                                                    "total": 0.0006067999999999074,
                                                    "count": 1,
                                                    "is_parallel": true,
                                                    "self": 0.0001020000000000465,
                                                    "children": {
                                                        "_process_vector_observation": {
                                                            "total": 0.0005047999999998609,
                                                            "count": 4,
                                                            "is_parallel": true,
                                                            "self": 0.0005047999999998609
                                                        }
                                                    }
                                                },
                                                "UnityEnvironment.step": {
                                                    "total": 4941.014840100131,
                                                    "count": 572040,
                                                    "is_parallel": true,
                                                    "self": 58.417606599879036,
                                                    "children": {
                                                        "UnityEnvironment._generate_step_input": {
                                                            "total": 48.69822100014427,
                                                            "count": 572040,
                                                            "is_parallel": true,
                                                            "self": 48.69822100014427
                                                        },
                                                        "communicator.exchange": {
                                                            "total": 4642.797380900046,
                                                            "count": 572040,
                                                            "is_parallel": true,
                                                            "self": 4642.797380900046
                                                        },