{
    "name": "root",
    "gauges": {
        "war.Policy.Entropy.mean": {
            "value": 1.4189382791519165,
            "min": 1.4189382791519165,
            "max": 1.4189382791519165,
            "count": 1
        },
        "war.Policy.ExtrinsicValueEstimate.mean": {
            "value": -0.13137203454971313,
            "min": -0.13137203454971313,
            "max": -0.13137203454971313,
            "count": 1
        },
        "war.Environment.EpisodeLength.mean": {
            "value": 999.0,
            "min": 999.0,
            "max": 999.0,
            "count": 1
        },
        "war.Environment.CumulativeReward.mean": {
            "value": -53.24632257223129,
            "min": -53.24632257223129,
            "max": -53.24632257223129,
            "count": 1
        },
        "war.Policy.ExtrinsicReward.mean": {
            "value": -53.24632257223129,
            "min": -53.24632257223129,
            "max": -53.24632257223129,
            "count": 1
        },
        "war.IsTraining.mean": {
            "value": 1.0,
            "min": 1.0,
            "max": 1.0,
            "count": 1
        }
    },
    "metadata": {
        "timer_format_version": "0.1.0",
        "start_time_seconds": "1607014540",
        "python_version": "3.7.9 (default, Aug 31 2020, 17:10:11) [MSC v.1916 64 bit (AMD64)]",
        "command_line_arguments": "C:\\Users\\sergi\\.conda\\envs\\ml-agents-war\\Scripts\\mlagents-learn ./trainer_config.yaml --run-id tank_body_17",
        "mlagents_version": "0.22.0",
        "mlagents_envs_version": "0.22.0",
        "communication_protocol_version": "1.2.0",
        "pytorch_version": "1.7.0",
        "numpy_version": "1.19.2",
        "end_time_seconds": "1607014690"
    },
    "total": 149.4745808,
    "count": 1,
    "self": 0.050163199999985864,
    "children": {
        "run_training.setup": {
            "total": 0.009620500000000032,
            "count": 1,
            "self": 0.009620500000000032
        },
        "TrainerController.start_learning": {
            "total": 149.41479710000002,
            "count": 1,
            "self": 0.3770487999984482,
            "children": {
                "TrainerController._reset_env": {
                    "total": 7.6923848999999995,
                    "count": 1,
                    "self": 7.6923848999999995
                },
                "TrainerController.advance": {
                    "total": 141.23457190000155,
                    "count": 13761,
                    "self": 0.19467230000151403,
                    "children": {
                        "env_step": {
                            "total": 141.03989960000004,
                            "count": 13761,
                            "self": 111.13450570000154,
                            "children": {
                                "SubprocessEnvManager._take_step": {
                                    "total": 29.723538299999365,
                                    "count": 13761,
                                    "self": 0.8249355999995167,
                                    "children": {
                                        "TorchPolicy.evaluate": {
                                            "total": 28.89860269999985,
                                            "count": 13761,
                                            "self": 9.493778599999509,
                                            "children": {
                                                "TorchPolicy.sample_actions": {
                                                    "total": 19.40482410000034,
                                                    "count": 13761,
                                                    "self": 19.40482410000034
                                                }
                                            }
                                        }
                                    }
                                },
                                "workers": {
                                    "total": 0.18185559999913714,
                                    "count": 13760,
                                    "self": 0.0,
                                    "children": {
                                        "worker_root": {
                                            "total": 142.51386119999947,
                                            "count": 13760,
                                            "is_parallel": true,
                                            "self": 42.31017789999947,
                                            "children": {
                                                "steps_from_proto": {
                                                    "total": 0.0003267000000004572,
                                                    "count": 1,
                                                    "is_parallel": true,
                                                    "self": 9.30999999999571e-05,
                                                    "children": {
                                                        "_process_vector_observation": {
                                                            "total": 0.00023360000000050007,
                                                            "count": 4,
                                                            "is_parallel": true,
                                                            "self": 0.00023360000000050007
                                                        }
                                                    }
                                                },
                                                "UnityEnvironment.step": {
                                                    "total": 100.20335659999999,
                                                    "count": 13760,
                                                    "is_parallel": true,
                                                    "self": 1.0440573999994314,
                                                    "children": {
                                                        "UnityEnvironment._generate_step_input": {
                                                            "total": 0.705867100000078,
                                                            "count": 13760,
                                                            "is_parallel": true,
                                                            "self": 0.705867100000078
                                                        },
                                                        "communicator.exchange": {
                                                            "total": 95.31289729999956,
                                                            "count": 13760,
                                                            "is_parallel": true,
                                                            "self": 95.31289729999956
                                                        },
                                                        "steps_from_proto": {
                                                            "total": 3.1405348000009283,
                                                            "count": 13760,
                                                            "is_parallel": true,
                                                            "self": 1.1227308000002374,
                                                            "children": {
                                                                "_process_vector_observation": {
                                                                    "total": 2.017804000000691,
                                                                    "count": 55040,
                                                                    "is_parallel": true,